{
    "": [
        {
            "Hostname": "",
            "Remark": "",
            "IP Address": "",
            "Type": "",
            "Additional information": "Storage NFS",
            "Additional information2": "Vmware HB VLAN IP",
            "Additional information3": "vMotion IP",
            "Additional information4": "OOB VLAN IP",
            "Proposed segment": NaN
        },
        {
            "Hostname": "",
            "Remark": "",
            "IP Address": "Hosting VLAN IP",
            "Type": "",
            "Additional information": "Storage NFS VLAN IP",
            "Additional information2": "OOB VLAN IP",
            "Additional information3": "Storage cluster MGT IP",
            "Additional information4": "",
            "Proposed segment": NaN
        }
    ],
    "Not used": [
        {
            "Hostname": "nleidc350",
            "Remark": "Cron\u00a0Server\u00a0Sol 8",
            "IP Address": "172.30.127.153",
            "Type": "Not used",
            "Additional information": "nleide350",
            "Additional information2": "",
            "Additional information3": "",
            "Additional information4": "",
            "Proposed segment": NaN
        }
    ],
    "Oracle SPARC(Sol 11)": [
        {
            "Hostname": "NLEIDE111",
            "Remark": "Hypervisor",
            "IP Address": "172.30.127.132",
            "Type": "Oracle SPARC(Sol 11)",
            "Additional information": "",
            "Additional information2": "",
            "Additional information3": "",
            "Additional information4": "",
            "Proposed segment": NaN
        },
        {
            "Hostname": "NLEIDE112",
            "Remark": "Hypervisor",
            "IP Address": "172.30.127.133",
            "Type": "Oracle SPARC(Sol 11)",
            "Additional information": "",
            "Additional information2": "",
            "Additional information3": "",
            "Additional information4": "",
            "Proposed segment": NaN
        },
        {
            "Hostname": "NLEIDE113",
            "Remark": "Hypervisor",
            "IP Address": "172.30.127.134",
            "Type": "Oracle SPARC(Sol 11)",
            "Additional information": "",
            "Additional information2": "",
            "Additional information3": "",
            "Additional information4": "",
            "Proposed segment": NaN
        }
    ],
    "RHEL 8 VD": [
        {
            "Hostname": "pasvdi7517.asml.com",
            "Remark": "Atanas Tsonkov",
            "IP Address": "172.31.114.227",
            "Type": "RHEL 8 VD",
            "Additional information": "IT",
            "Additional information2": "",
            "Additional information3": "",
            "Additional information4": "",
            "Proposed segment": NaN
        },
        {
            "Hostname": "pasvdi7528.asml.com",
            "Remark": "Cansu Alptekin Gokbender",
            "IP Address": "172.31.114.163",
            "Type": "RHEL 8 VD",
            "Additional information": "D&E",
            "Additional information2": "",
            "Additional information3": "",
            "Additional information4": "",
            "Proposed segment": NaN
        },
        {
            "Hostname": "pasvdi7510.asml.com",
            "Remark": "Eric Geelink",
            "IP Address": "172.31.114.199",
            "Type": "RHEL 8 VD",
            "Additional information": "D&E",
            "Additional information2": "",
            "Additional information3": "",
            "Additional information4": "",
            "Proposed segment": NaN
        },
        {
            "Hostname": "pasvdi7509.asml.com",
            "Remark": "Eric Maroto",
            "IP Address": "172.31.114.221",
            "Type": "RHEL 8 VD",
            "Additional information": "D&E",
            "Additional information2": "",
            "Additional information3": "",
            "Additional information4": "",
            "Proposed segment": NaN
        },
        {
            "Hostname": "pasvdi7519.asml.com",
            "Remark": "Finus van Cadsand",
            "IP Address": "172.31.114.230",
            "Type": "RHEL 8 VD",
            "Additional information": "D&E",
            "Additional information2": "",
            "Additional information3": "",
            "Additional information4": "",
            "Proposed segment": NaN
        },
        {
            "Hostname": "pasvdi7521.asml.com",
            "Remark": "Francis Lin",
            "IP Address": "172.31.114.252",
            "Type": "RHEL 8 VD",
            "Additional information": "D&E",
            "Additional information2": "",
            "Additional information3": "",
            "Additional information4": "",
            "Proposed segment": NaN
        },
        {
            "Hostname": "pasvdi7503.asml.com",
            "Remark": "Hendrik de Goede",
            "IP Address": "172.31.114.220",
            "Type": "RHEL 8 VD",
            "Additional information": "IT",
            "Additional information2": "",
            "Additional information3": "",
            "Additional information4": "",
            "Proposed segment": NaN
        },
        {
            "Hostname": "pasvdi7525.asml.com",
            "Remark": "Hemanth Jagadeeshwar",
            "IP Address": "172.31.114.234",
            "Type": "RHEL 8 VD",
            "Additional information": "D&E",
            "Additional information2": "",
            "Additional information3": "",
            "Additional information4": "",
            "Proposed segment": NaN
        },
        {
            "Hostname": "pasvdi7504.asml.com",
            "Remark": "Huub Sperber",
            "IP Address": "172.31.114.146",
            "Type": "RHEL 8 VD",
            "Additional information": "D&E",
            "Additional information2": "",
            "Additional information3": "",
            "Additional information4": "",
            "Proposed segment": NaN
        },
        {
            "Hostname": "pasvdi7501.asml.com",
            "Remark": "John Derix",
            "IP Address": "172.31.114.216",
            "Type": "RHEL 8 VD",
            "Additional information": "IT",
            "Additional information2": "",
            "Additional information3": "",
            "Additional information4": "",
            "Proposed segment": NaN
        },
        {
            "Hostname": "pasvdi7523.asml.com",
            "Remark": "Johan Willekens",
            "IP Address": "172.31.114.228",
            "Type": "RHEL 8 VD",
            "Additional information": "D&E",
            "Additional information2": "",
            "Additional information3": "",
            "Additional information4": "",
            "Proposed segment": NaN
        },
        {
            "Hostname": "",
            "Remark": "Kunjalkumar Garach",
            "IP Address": "",
            "Type": "RHEL 8 VD",
            "Additional information": "D&E",
            "Additional information2": "",
            "Additional information3": "",
            "Additional information4": "",
            "Proposed segment": NaN
        },
        {
            "Hostname": "pasvdi7520.asml.com",
            "Remark": "Leo Chu - LCHU",
            "IP Address": "172.31.114.201",
            "Type": "RHEL 8 VD",
            "Additional information": "D&E",
            "Additional information2": "",
            "Additional information3": "",
            "Additional information4": "",
            "Proposed segment": NaN
        },
        {
            "Hostname": "pasvdi7513.asml.com",
            "Remark": "Leela Kanth Karri",
            "IP Address": "172.31.114.203",
            "Type": "RHEL 8 VD",
            "Additional information": "D&E",
            "Additional information2": "",
            "Additional information3": "",
            "Additional information4": "",
            "Proposed segment": NaN
        },
        {
            "Hostname": "pasvdi7518.asml.com",
            "Remark": "Maneesh Kumar Singh",
            "IP Address": "172.31.114.246",
            "Type": "RHEL 8 VD",
            "Additional information": "IT",
            "Additional information2": "",
            "Additional information3": "",
            "Additional information4": "",
            "Proposed segment": NaN
        },
        {
            "Hostname": "",
            "Remark": "Miguel Nunes (Tiobe)",
            "IP Address": "",
            "Type": "RHEL 8 VD",
            "Additional information": "IT",
            "Additional information2": "",
            "Additional information3": "",
            "Additional information4": "",
            "Proposed segment": NaN
        },
        {
            "Hostname": "pasvdi7511.asml.com",
            "Remark": "Mustafa Omid",
            "IP Address": "172.31.114.226",
            "Type": "RHEL 8 VD",
            "Additional information": "D&E",
            "Additional information2": "",
            "Additional information3": "",
            "Additional information4": "",
            "Proposed segment": NaN
        },
        {
            "Hostname": "pasvdi7516.asml.com",
            "Remark": "Miglena Petkova",
            "IP Address": "172.31.114.235",
            "Type": "RHEL 8 VD",
            "Additional information": "IT",
            "Additional information2": "",
            "Additional information3": "",
            "Additional information4": "",
            "Proposed segment": NaN
        },
        {
            "Hostname": "pasvdi7515.asml.com",
            "Remark": "Matheus Duarte Vasconcelos",
            "IP Address": "172.31.114.194",
            "Type": "RHEL 8 VD",
            "Additional information": "D&E",
            "Additional information2": "",
            "Additional information3": "",
            "Additional information4": "",
            "Proposed segment": NaN
        },
        {
            "Hostname": "pasvdi7527.asml.com",
            "Remark": "Hanseref Yasin",
            "IP Address": "172.31.114.189",
            "Type": "RHEL 8 VD",
            "Additional information": "D&E",
            "Additional information2": "",
            "Additional information3": "",
            "Additional information4": "",
            "Proposed segment": NaN
        },
        {
            "Hostname": "pasvdi7514.asml.com",
            "Remark": "Nerin Kanay",
            "IP Address": "172.31.114.202",
            "Type": "RHEL 8 VD",
            "Additional information": "D&E",
            "Additional information2": "",
            "Additional information3": "",
            "Additional information4": "",
            "Proposed segment": NaN
        },
        {
            "Hostname": "",
            "Remark": "Nagesh Kellengre Prakash",
            "IP Address": "",
            "Type": "RHEL 8 VD",
            "Additional information": "D&E",
            "Additional information2": "",
            "Additional information3": "",
            "Additional information4": "",
            "Proposed segment": NaN
        },
        {
            "Hostname": "",
            "Remark": "Preetam Singh",
            "IP Address": "",
            "Type": "RHEL 8 VD",
            "Additional information": "D&E",
            "Additional information2": "",
            "Additional information3": "",
            "Additional information4": "",
            "Proposed segment": NaN
        },
        {
            "Hostname": "pasvdi7506.asml.com",
            "Remark": "Rex Chen - RFPC",
            "IP Address": "172.31.114.192",
            "Type": "RHEL 8 VD",
            "Additional information": "D&E",
            "Additional information2": "",
            "Additional information3": "",
            "Additional information4": "",
            "Proposed segment": NaN
        },
        {
            "Hostname": "pasvdi7502.asml.com",
            "Remark": "Rob Goud (Tiobe)",
            "IP Address": "172.31.114.145",
            "Type": "RHEL 8 VD",
            "Additional information": "IT",
            "Additional information2": "",
            "Additional information3": "",
            "Additional information4": "",
            "Proposed segment": NaN
        },
        {
            "Hostname": "pasvdi7505.asml.com",
            "Remark": "Roger Jeurninck",
            "IP Address": "172.31.114.144",
            "Type": "RHEL 8 VD",
            "Additional information": "IT",
            "Additional information2": "",
            "Additional information3": "",
            "Additional information4": "",
            "Proposed segment": NaN
        },
        {
            "Hostname": "",
            "Remark": "Rocco Santese",
            "IP Address": "",
            "Type": "RHEL 8 VD",
            "Additional information": "IT",
            "Additional information2": "",
            "Additional information3": "",
            "Additional information4": "",
            "Proposed segment": NaN
        },
        {
            "Hostname": "pasvdi7512.asml.com",
            "Remark": "Sandeep Gulati",
            "IP Address": "172.31.114.195",
            "Type": "RHEL 8 VD",
            "Additional information": "D&E",
            "Additional information2": "",
            "Additional information3": "",
            "Additional information4": "",
            "Proposed segment": NaN
        },
        {
            "Hostname": "",
            "Remark": "Cagil Mayda",
            "IP Address": "",
            "Type": "RHEL 8 VD",
            "Additional information": "D&E",
            "Additional information2": "",
            "Additional information3": "",
            "Additional information4": "",
            "Proposed segment": NaN
        },
        {
            "Hostname": "pasvdi7529.asml.com",
            "Remark": "Somanath Rudrakshala",
            "IP Address": "172.31.114.188",
            "Type": "RHEL 8 VD",
            "Additional information": "D&E",
            "Additional information2": "",
            "Additional information3": "",
            "Additional information4": "",
            "Proposed segment": NaN
        },
        {
            "Hostname": "pasvdi7508.asml.com",
            "Remark": "Theo de Rover",
            "IP Address": "172.31.114.198",
            "Type": "RHEL 8 VD",
            "Additional information": "D&E",
            "Additional information2": "",
            "Additional information3": "",
            "Additional information4": "",
            "Proposed segment": NaN
        },
        {
            "Hostname": "pasvdi7524.asml.com",
            "Remark": "Tom Tseng",
            "IP Address": "172.31.114.225",
            "Type": "RHEL 8 VD",
            "Additional information": "D&E",
            "Additional information2": "",
            "Additional information3": "",
            "Additional information4": "",
            "Proposed segment": NaN
        },
        {
            "Hostname": "",
            "Remark": "Waldo Ramirez Montano",
            "IP Address": "",
            "Type": "RHEL 8 VD",
            "Additional information": "IT",
            "Additional information2": "",
            "Additional information3": "",
            "Additional information4": "",
            "Proposed segment": NaN
        },
        {
            "Hostname": "pasvdi7522.asml.com",
            "Remark": "Wayne Tu",
            "IP Address": "172.31.114.190",
            "Type": "RHEL 8 VD",
            "Additional information": "D&E",
            "Additional information2": "",
            "Additional information3": "",
            "Additional information4": "",
            "Proposed segment": NaN
        },
        {
            "Hostname": "pasvdi7507.asml.com",
            "Remark": "Zephyr Chen",
            "IP Address": "172.31.114.197",
            "Type": "RHEL 8 VD",
            "Additional information": "D&E",
            "Additional information2": "",
            "Additional information3": "",
            "Additional information4": "",
            "Proposed segment": NaN
        }
    ],
    "Solaris 10": [
        {
            "Hostname": "nleide344",
            "Remark": "LDOM\u00a0for\u00a0Build/Patch\u00a0Servers",
            "IP Address": "172.30.127.135",
            "Type": "Solaris 10",
            "Additional information": "nleide111",
            "Additional information2": "",
            "Additional information3": "",
            "Additional information4": "",
            "Proposed segment": NaN
        },
        {
            "Hostname": "nleide345",
            "Remark": "LDOM\u00a0for\u00a0Build/Patch\u00a0Servers",
            "IP Address": "172.30.127.136",
            "Type": "Solaris 10",
            "Additional information": "nleide112",
            "Additional information2": "",
            "Additional information3": "",
            "Additional information4": "",
            "Proposed segment": NaN
        },
        {
            "Hostname": "nleide346",
            "Remark": "(TO\u00a0DECOMM)\u00a0LSF6\u00a0Master",
            "IP Address": "172.30.127.137",
            "Type": "Solaris 10",
            "Additional information": "nleide111",
            "Additional information2": "",
            "Additional information3": "",
            "Additional information4": "",
            "Proposed segment": NaN
        },
        {
            "Hostname": "nleide347",
            "Remark": "(TO\u00a0DECOMM)\u00a0LSF6\u00a0Master\u00a0backup",
            "IP Address": "172.30.127.138",
            "Type": "Solaris 10",
            "Additional information": "nleide112",
            "Additional information2": "",
            "Additional information3": "",
            "Additional information4": "",
            "Proposed segment": NaN
        },
        {
            "Hostname": "nleide348",
            "Remark": "LDOM\u00a0for\u00a0Workstations",
            "IP Address": "172.30.127.139",
            "Type": "Solaris 10",
            "Additional information": "nleide111",
            "Additional information2": "",
            "Additional information3": "",
            "Additional information4": "",
            "Proposed segment": NaN
        },
        {
            "Hostname": "nleide349",
            "Remark": "LDOM\u00a0for\u00a0Workstations",
            "IP Address": "172.30.127.140",
            "Type": "Solaris 10",
            "Additional information": "nleide112",
            "Additional information2": "",
            "Additional information3": "",
            "Additional information4": "",
            "Proposed segment": NaN
        },
        {
            "Hostname": "nleide350",
            "Remark": "LDOM\u00a0for\u00a0Cron\u00a0Server\u00a0Sol 8",
            "IP Address": "172.30.127.141",
            "Type": "Solaris 10",
            "Additional information": "nleide111",
            "Additional information2": "",
            "Additional information3": "",
            "Additional information4": "",
            "Proposed segment": NaN
        },
        {
            "Hostname": "nleide351",
            "Remark": "Cron\u00a0Server\u00a0Sol 10",
            "IP Address": "172.30.127.142",
            "Type": "Solaris 10",
            "Additional information": "nleide111",
            "Additional information2": "",
            "Additional information3": "",
            "Additional information4": "",
            "Proposed segment": NaN
        },
        {
            "Hostname": "nleide352",
            "Remark": "LDOM\u00a0for\u00a0CCexec (patchgen\u00a0tooling?) (TO\u00a0DECOMM)",
            "IP Address": "172.30.127.143",
            "Type": "Solaris 10",
            "Additional information": "nleide111",
            "Additional information2": "",
            "Additional information3": "",
            "Additional information4": "",
            "Proposed segment": NaN
        },
        {
            "Hostname": "nleide353",
            "Remark": "LDOM\u00a0for\u00a0CCexec (patchgen\u00a0tooling?) (TO\u00a0DECOMM)",
            "IP Address": "172.30.127.144",
            "Type": "Solaris 10",
            "Additional information": "nleide112",
            "Additional information2": "",
            "Additional information3": "",
            "Additional information4": "",
            "Proposed segment": NaN
        },
        {
            "Hostname": "nleide354",
            "Remark": "LDOM\u00a0for\u00a0Build/Patch\u00a0Servers",
            "IP Address": "172.30.127.145",
            "Type": "Solaris 10",
            "Additional information": "nleide111",
            "Additional information2": "",
            "Additional information3": "",
            "Additional information4": "",
            "Proposed segment": NaN
        },
        {
            "Hostname": "nleide355",
            "Remark": "LDOM\u00a0for\u00a0Build/Patch\u00a0Servers",
            "IP Address": "172.30.127.146",
            "Type": "Solaris 10",
            "Additional information": "nleide112",
            "Additional information2": "",
            "Additional information3": "",
            "Additional information4": "",
            "Proposed segment": NaN
        },
        {
            "Hostname": "nleide356",
            "Remark": "LDOM\u00a0for\u00a0Workstations\u00a0PAS2030\u00a0project\u00a0",
            "IP Address": "172.30.127.186",
            "Type": "Solaris 10",
            "Additional information": "nleide111",
            "Additional information2": "",
            "Additional information3": "",
            "Additional information4": "",
            "Proposed segment": NaN
        },
        {
            "Hostname": "nleide357",
            "Remark": "LDOM\u00a0for\u00a0Workstations\u00a0PAS2030\u00a0project\u00a0",
            "IP Address": "172.30.127.187",
            "Type": "Solaris 10",
            "Additional information": "nleide112",
            "Additional information2": "",
            "Additional information3": "",
            "Additional information4": "",
            "Proposed segment": NaN
        },
        {
            "Hostname": "nleide358",
            "Remark": "LDOM\u00a0for\u00a0Workstations",
            "IP Address": "172.30.127.188",
            "Type": "Solaris 10",
            "Additional information": "nleide111",
            "Additional information2": "",
            "Additional information3": "",
            "Additional information4": "",
            "Proposed segment": NaN
        },
        {
            "Hostname": "nleide359",
            "Remark": "LDOM\u00a0for\u00a0Workstations",
            "IP Address": "172.30.127.189",
            "Type": "Solaris 10",
            "Additional information": "nleide112",
            "Additional information2": "",
            "Additional information3": "",
            "Additional information4": "",
            "Proposed segment": NaN
        },
        {
            "Hostname": "nleide360",
            "Remark": "LDOM\u00a0for\u00a0Workstations",
            "IP Address": "172.30.127.190",
            "Type": "Solaris 10",
            "Additional information": "nleide111",
            "Additional information2": "",
            "Additional information3": "",
            "Additional information4": "",
            "Proposed segment": NaN
        },
        {
            "Hostname": "nleide361",
            "Remark": "LDOM\u00a0for\u00a0Workstations",
            "IP Address": "172.30.127.191",
            "Type": "Solaris 10",
            "Additional information": "nleide112",
            "Additional information2": "",
            "Additional information3": "",
            "Additional information4": "",
            "Proposed segment": NaN
        },
        {
            "Hostname": "nleide362",
            "Remark": "LDOM\u00a0for\u00a0Workstations",
            "IP Address": "172.30.127.192",
            "Type": "Solaris 10",
            "Additional information": "nleide113",
            "Additional information2": "",
            "Additional information3": "",
            "Additional information4": "",
            "Proposed segment": NaN
        },
        {
            "Hostname": "nleide363",
            "Remark": "Test\u00a0LDOM (CDE?)",
            "IP Address": "172.30.127.193",
            "Type": "Solaris 10",
            "Additional information": "nleide113",
            "Additional information2": "",
            "Additional information3": "",
            "Additional information4": "",
            "Proposed segment": NaN
        }
    ],
    "Solaris 8": [
        {
            "Hostname": "nleidc344",
            "Remark": "Solaris\u00a0Build",
            "IP Address": "172.30.127.147",
            "Type": "Solaris 8",
            "Additional information": "nleide344",
            "Additional information2": "",
            "Additional information3": "",
            "Additional information4": "",
            "Proposed segment": NaN
        },
        {
            "Hostname": "nleidc345",
            "Remark": "Solaris\u00a0Build",
            "IP Address": "172.30.127.148",
            "Type": "Solaris 8",
            "Additional information": "nleide345",
            "Additional information2": "",
            "Additional information3": "",
            "Additional information4": "",
            "Proposed segment": NaN
        },
        {
            "Hostname": "nleidc346",
            "Remark": "Patch\u00a0server",
            "IP Address": "172.30.127.149",
            "Type": "Solaris 8",
            "Additional information": "nleide344",
            "Additional information2": "",
            "Additional information3": "",
            "Additional information4": "",
            "Proposed segment": NaN
        },
        {
            "Hostname": "nleidc347",
            "Remark": "Patch\u00a0server",
            "IP Address": "172.30.127.150",
            "Type": "Solaris 8",
            "Additional information": "nleide345",
            "Additional information2": "",
            "Additional information3": "",
            "Additional information4": "",
            "Proposed segment": NaN
        },
        {
            "Hostname": "nleidc348",
            "Remark": "Workstation\u00a0nkanay",
            "IP Address": "172.30.127.151",
            "Type": "Solaris 8",
            "Additional information": "nleide348",
            "Additional information2": "",
            "Additional information3": "",
            "Additional information4": "",
            "Proposed segment": NaN
        },
        {
            "Hostname": "nleidc349",
            "Remark": "Workstation\u00a0hsperber",
            "IP Address": "172.30.127.152",
            "Type": "Solaris 8",
            "Additional information": "nleide349",
            "Additional information2": "",
            "Additional information3": "",
            "Additional information4": "",
            "Proposed segment": NaN
        },
        {
            "Hostname": "nleidc351",
            "Remark": "Workstation tderove",
            "IP Address": "172.30.127.154",
            "Type": "Solaris 8",
            "Additional information": "nleide360",
            "Additional information2": "",
            "Additional information3": "",
            "Additional information4": "",
            "Proposed segment": NaN
        },
        {
            "Hostname": "nleidc352",
            "Remark": "Workstation emaroto",
            "IP Address": "172.30.127.155",
            "Type": "Solaris 8",
            "Additional information": "nleide356",
            "Additional information2": "",
            "Additional information3": "",
            "Additional information4": "",
            "Proposed segment": NaN
        },
        {
            "Hostname": "nleidc353",
            "Remark": "Workstation\u00a0kgarach",
            "IP Address": "172.30.127.156",
            "Type": "Solaris 8",
            "Additional information": "nleide357",
            "Additional information2": "",
            "Additional information3": "",
            "Additional information4": "",
            "Proposed segment": NaN
        },
        {
            "Hostname": "nleidc354",
            "Remark": "Solaris\u00a0Build\u00a0LSF9",
            "IP Address": "172.30.127.157",
            "Type": "Solaris 8",
            "Additional information": "nleide354",
            "Additional information2": "",
            "Additional information3": "",
            "Additional information4": "",
            "Proposed segment": NaN
        },
        {
            "Hostname": "nleidc355",
            "Remark": "Solaris\u00a0Build\u00a0LSF9",
            "IP Address": "172.30.127.158",
            "Type": "Solaris 8",
            "Additional information": "nleide355",
            "Additional information2": "",
            "Additional information3": "",
            "Additional information4": "",
            "Proposed segment": NaN
        },
        {
            "Hostname": "nleidc356",
            "Remark": "Workstation\u00a0smayda",
            "IP Address": "172.30.127.159",
            "Type": "Solaris 8",
            "Additional information": "nleide356",
            "Additional information2": "",
            "Additional information3": "",
            "Additional information4": "",
            "Proposed segment": NaN
        },
        {
            "Hostname": "nleidc357",
            "Remark": "Workstation\u00a0ehakkenn",
            "IP Address": "172.30.127.160",
            "Type": "Solaris 8",
            "Additional information": "nleide357",
            "Additional information2": "",
            "Additional information3": "",
            "Additional information4": "",
            "Proposed segment": NaN
        },
        {
            "Hostname": "nleidc358",
            "Remark": "Workstation\u00a0johuitin",
            "IP Address": "172.30.127.161",
            "Type": "Solaris 8",
            "Additional information": "nleide356",
            "Additional information2": "",
            "Additional information3": "",
            "Additional information4": "",
            "Proposed segment": NaN
        },
        {
            "Hostname": "nleidc359",
            "Remark": "Workstation\u00a0ronbos",
            "IP Address": "172.30.127.162",
            "Type": "Solaris 8",
            "Additional information": "nleide357",
            "Additional information2": "",
            "Additional information3": "",
            "Additional information4": "",
            "Proposed segment": NaN
        },
        {
            "Hostname": "nleidc360",
            "Remark": "Workstation\u00a0egeelin",
            "IP Address": "172.30.127.166",
            "Type": "Solaris 8",
            "Additional information": "nleide348",
            "Additional information2": "",
            "Additional information3": "",
            "Additional information4": "",
            "Proposed segment": NaN
        },
        {
            "Hostname": "nleidc361",
            "Remark": "Workstation\u00a0hjagadee",
            "IP Address": "172.30.127.167",
            "Type": "Solaris 8",
            "Additional information": "nleide349",
            "Additional information2": "",
            "Additional information3": "",
            "Additional information4": "",
            "Proposed segment": NaN
        },
        {
            "Hostname": "nleidc362",
            "Remark": "Workstation\u00a0fcadsand",
            "IP Address": "172.30.127.168",
            "Type": "Solaris 8",
            "Additional information": "nleide348",
            "Additional information2": "",
            "Additional information3": "",
            "Additional information4": "",
            "Proposed segment": NaN
        },
        {
            "Hostname": "nleidc363",
            "Remark": "Workstation\u00a0lchu",
            "IP Address": "172.30.127.169",
            "Type": "Solaris 8",
            "Additional information": "nleide349",
            "Additional information2": "",
            "Additional information3": "",
            "Additional information4": "",
            "Proposed segment": NaN
        },
        {
            "Hostname": "nleidc364",
            "Remark": "Workstation\u00a0jowillek",
            "IP Address": "172.30.127.170",
            "Type": "Solaris 8",
            "Additional information": "nleide348",
            "Additional information2": "",
            "Additional information3": "",
            "Additional information4": "",
            "Proposed segment": NaN
        },
        {
            "Hostname": "nleidc365",
            "Remark": "Workstation\u00a0frlin",
            "IP Address": "172.30.127.171",
            "Type": "Solaris 8",
            "Additional information": "nleide349",
            "Additional information2": "",
            "Additional information3": "",
            "Additional information4": "",
            "Proposed segment": NaN
        },
        {
            "Hostname": "nleidc366",
            "Remark": "Workstation\u00a0totseng",
            "IP Address": "172.30.127.172",
            "Type": "Solaris 8",
            "Additional information": "nleide348",
            "Additional information2": "",
            "Additional information3": "",
            "Additional information4": "",
            "Proposed segment": NaN
        },
        {
            "Hostname": "nleidc367",
            "Remark": "Workstation\u00a0magwu",
            "IP Address": "172.30.127.173",
            "Type": "Solaris 8",
            "Additional information": "nleide349",
            "Additional information2": "",
            "Additional information3": "",
            "Additional information4": "",
            "Proposed segment": NaN
        },
        {
            "Hostname": "nleidc368",
            "Remark": "Workstation\u00a0rjeurnin",
            "IP Address": "172.30.127.174",
            "Type": "Solaris 8",
            "Additional information": "nleide348",
            "Additional information2": "",
            "Additional information3": "",
            "Additional information4": "",
            "Proposed segment": NaN
        },
        {
            "Hostname": "nleidc369",
            "Remark": "Workstation\u00a0infra\u00a0team",
            "IP Address": "172.30.127.175",
            "Type": "Solaris 8",
            "Additional information": "nleide349",
            "Additional information2": "",
            "Additional information3": "",
            "Additional information4": "",
            "Proposed segment": NaN
        },
        {
            "Hostname": "nleidc466",
            "Remark": "Workstation\u00a0presingh",
            "IP Address": "172.30.127.202",
            "Type": "Solaris 8",
            "Additional information": "nleide358",
            "Additional information2": "",
            "Additional information3": "",
            "Additional information4": "",
            "Proposed segment": NaN
        },
        {
            "Hostname": "nleidc467",
            "Remark": "Workstation\u00a0nkelleng",
            "IP Address": "172.30.127.203",
            "Type": "Solaris 8",
            "Additional information": "nleide359",
            "Additional information2": "",
            "Additional information3": "",
            "Additional information4": "",
            "Proposed segment": NaN
        },
        {
            "Hostname": "nleidc468",
            "Remark": "Workstation\u00a0mvasconc",
            "IP Address": "172.30.127.204",
            "Type": "Solaris 8",
            "Additional information": "nleide358",
            "Additional information2": "",
            "Additional information3": "",
            "Additional information4": "",
            "Proposed segment": NaN
        },
        {
            "Hostname": "nleidc469",
            "Remark": "Workstation (test\u00a0jevandij)",
            "IP Address": "172.30.127.205",
            "Type": "Solaris 8",
            "Additional information": "nleide359",
            "Additional information2": "",
            "Additional information3": "",
            "Additional information4": "",
            "Proposed segment": NaN
        },
        {
            "Hostname": "nleidc471",
            "Remark": "Workstation",
            "IP Address": "172.30.127.213",
            "Type": "Solaris 8",
            "Additional information": "nleide360",
            "Additional information2": "",
            "Additional information3": "",
            "Additional information4": "",
            "Proposed segment": NaN
        },
        {
            "Hostname": "nleidc472",
            "Remark": "Workstation srudraks",
            "IP Address": "172.30.127.214",
            "Type": "Solaris 8",
            "Additional information": "nleide360",
            "Additional information2": "",
            "Additional information3": "",
            "Additional information4": "",
            "Proposed segment": NaN
        },
        {
            "Hostname": "nleidc473",
            "Remark": "Workstation\u00a0calpteki",
            "IP Address": "172.30.127.215",
            "Type": "Solaris 8",
            "Additional information": "nleide361",
            "Additional information2": "",
            "Additional information3": "",
            "Additional information4": "",
            "Proposed segment": NaN
        },
        {
            "Hostname": "nleidc474",
            "Remark": "Workstation lkarri",
            "IP Address": "172.30.127.216",
            "Type": "Solaris 8",
            "Additional information": "nleide361",
            "Additional information2": "",
            "Additional information3": "",
            "Additional information4": "",
            "Proposed segment": NaN
        },
        {
            "Hostname": "nleidc475",
            "Remark": "Workstation\u00a0sgulati",
            "IP Address": "172.30.127.217",
            "Type": "Solaris 8",
            "Additional information": "nleide361",
            "Additional information2": "",
            "Additional information3": "",
            "Additional information4": "",
            "Proposed segment": NaN
        },
        {
            "Hostname": "nleidc476",
            "Remark": "Workstation\u00a0schoudh3",
            "IP Address": "172.30.127.218",
            "Type": "Solaris 8",
            "Additional information": "nleide362",
            "Additional information2": "",
            "Additional information3": "",
            "Additional information4": "",
            "Proposed segment": NaN
        },
        {
            "Hostname": "nleidc477",
            "Remark": "Workstation\u00a0momid",
            "IP Address": "172.30.127.219",
            "Type": "Solaris 8",
            "Additional information": "nleide362",
            "Additional information2": "",
            "Additional information3": "",
            "Additional information4": "",
            "Proposed segment": NaN
        },
        {
            "Hostname": "nleidc478",
            "Remark": "Workstation lbleyenb",
            "IP Address": "172.30.127.220",
            "Type": "Solaris 8",
            "Additional information": "nleide362",
            "Additional information2": "",
            "Additional information3": "",
            "Additional information4": "",
            "Proposed segment": NaN
        },
        {
            "Hostname": "nleidc483",
            "Remark": "Workstation watu",
            "IP Address": "172.30.127.229",
            "Type": "Solaris 8",
            "Additional information": "nleidc471",
            "Additional information2": "",
            "Additional information3": "",
            "Additional information4": "",
            "Proposed segment": NaN
        }
    ],
    "Storage\u00a0Cluster\u00a0Management": [
        {
            "Hostname": "nleids23000-mgmt",
            "Remark": "Physical",
            "IP Address": "",
            "Type": "Storage\u00a0Cluster\u00a0Management",
            "Additional information": "",
            "Additional information2": "",
            "Additional information3": "172.30.117.38",
            "Additional information4": "",
            "Proposed segment": NaN
        }
    ],
    "Storage\u00a0Domain\u00a0Management": [
        {
            "Hostname": "domt_eids23000",
            "Remark": "Physical",
            "IP Address": "",
            "Type": "Storage\u00a0Domain\u00a0Management",
            "Additional information": "",
            "Additional information2": "",
            "Additional information3": "172.30.117.39",
            "Additional information4": "",
            "Proposed segment": NaN
        }
    ],
    "Storage\u00a0Hosting\u00a0SVM": [
        {
            "Hostname": "nleids23100-app",
            "Remark": "Virtual",
            "IP Address": "172.30.127.163",
            "Type": "Storage\u00a0Hosting\u00a0SVM",
            "Additional information": "",
            "Additional information2": "",
            "Additional information3": "",
            "Additional information4": "",
            "Proposed segment": NaN
        },
        {
            "Hostname": "nleids23100-nas01",
            "Remark": "Virtual",
            "IP Address": "172.30.127.164",
            "Type": "Storage\u00a0Hosting\u00a0SVM",
            "Additional information": "",
            "Additional information2": "",
            "Additional information3": "",
            "Additional information4": "",
            "Proposed segment": NaN
        },
        {
            "Hostname": "nleids23100-nas02",
            "Remark": "Virtual",
            "IP Address": "172.30.127.165",
            "Type": "Storage\u00a0Hosting\u00a0SVM",
            "Additional information": "",
            "Additional information2": "",
            "Additional information3": "",
            "Additional information4": "",
            "Proposed segment": NaN
        }
    ],
    "Storage\u00a0Management 01/02": [
        {
            "Hostname": "nleids23001-mgmt",
            "Remark": "Physical",
            "IP Address": "",
            "Type": "Storage\u00a0Management 01/02",
            "Additional information": "",
            "Additional information2": "172.31.0.242",
            "Additional information3": "172.30.117.36",
            "Additional information4": "",
            "Proposed segment": NaN
        }
    ],
    "Storage\u00a0Management 02/02": [
        {
            "Hostname": "nleids23002-mgmt",
            "Remark": "Physical",
            "IP Address": "",
            "Type": "Storage\u00a0Management 02/02",
            "Additional information": "",
            "Additional information2": "172.31.0.243",
            "Additional information3": "172.30.117.37",
            "Additional information4": "",
            "Proposed segment": NaN
        }
    ],
    "Storage\u00a0NFS\u00a0SVM": [
        {
            "Hostname": "nleids23101-app",
            "Remark": "Virtual",
            "IP Address": "",
            "Type": "Storage\u00a0NFS\u00a0SVM",
            "Additional information": "172.30.60.217",
            "Additional information2": "",
            "Additional information3": "",
            "Additional information4": "",
            "Proposed segment": NaN
        },
        {
            "Hostname": "nleids23101-nas01",
            "Remark": "Virtual",
            "IP Address": "",
            "Type": "Storage\u00a0NFS\u00a0SVM",
            "Additional information": "172.30.60.218",
            "Additional information2": "",
            "Additional information3": "",
            "Additional information4": "",
            "Proposed segment": NaN
        },
        {
            "Hostname": "nleids23101-nas02",
            "Remark": "Virtual",
            "IP Address": "",
            "Type": "Storage\u00a0NFS\u00a0SVM",
            "Additional information": "172.30.60.219",
            "Additional information2": "",
            "Additional information3": "",
            "Additional information4": "",
            "Proposed segment": NaN
        },
        {
            "Hostname": "nleids23102-app",
            "Remark": "Virtual",
            "IP Address": "",
            "Type": "Storage\u00a0NFS\u00a0SVM",
            "Additional information": "172.30.60.220",
            "Additional information2": "",
            "Additional information3": "",
            "Additional information4": "",
            "Proposed segment": NaN
        },
        {
            "Hostname": "nleids23102-nas01",
            "Remark": "Virtual",
            "IP Address": "",
            "Type": "Storage\u00a0NFS\u00a0SVM",
            "Additional information": "172.30.60.221",
            "Additional information2": "",
            "Additional information3": "",
            "Additional information4": "",
            "Proposed segment": NaN
        },
        {
            "Hostname": "nleids23102-nas02",
            "Remark": "Virtual",
            "IP Address": "",
            "Type": "Storage\u00a0NFS\u00a0SVM",
            "Additional information": "172.30.60.222",
            "Additional information2": "",
            "Additional information3": "",
            "Additional information4": "",
            "Proposed segment": NaN
        }
    ],
    "vCenter appliance": [
        {
            "Hostname": "nleidm057",
            "Remark": "Primary",
            "IP Address": "172.31.44.216",
            "Type": "vCenter appliance",
            "Additional information": "",
            "Additional information2": "",
            "Additional information3": "",
            "Additional information4": "",
            "Proposed segment": NaN
        },
        {
            "Hostname": "nleidm057-hbt",
            "Remark": "Primary (Heartbeat)",
            "IP Address": "",
            "Type": "vCenter appliance",
            "Additional information": "",
            "Additional information2": "",
            "Additional information3": "",
            "Additional information4": "",
            "Proposed segment": NaN
        },
        {
            "Hostname": "nleidm057-hbt-peer",
            "Remark": "Peer (Heartbeat)",
            "IP Address": "",
            "Type": "vCenter appliance",
            "Additional information": "",
            "Additional information2": "",
            "Additional information3": "",
            "Additional information4": "",
            "Proposed segment": NaN
        },
        {
            "Hostname": "nleidm057-witness",
            "Remark": "Witness (Heartbeat)",
            "IP Address": "",
            "Type": "vCenter appliance",
            "Additional information": "",
            "Additional information2": "",
            "Additional information3": "",
            "Additional information4": "",
            "Proposed segment": NaN
        }
    ],
    "x86 Compute": [
        {
            "Hostname": "nleidc554",
            "Remark": "Test",
            "IP Address": "172.31.44.215",
            "Type": "x86 Compute",
            "Additional information": "172.30.60.213",
            "Additional information2": "172.31.44.199",
            "Additional information3": "172.30.87.103",
            "Additional information4": "172.31.86.240",
            "Proposed segment": NaN
        },
        {
            "Hostname": "nleidc551",
            "Remark": "Production",
            "IP Address": "172.31.44.212",
            "Type": "x86 Compute",
            "Additional information": "172.30.60.210",
            "Additional information2": "172.31.44.196",
            "Additional information3": "172.30.87.100",
            "Additional information4": "172.31.86.237",
            "Proposed segment": NaN
        },
        {
            "Hostname": "nleidc552",
            "Remark": "Production",
            "IP Address": "172.31.44.213",
            "Type": "x86 Compute",
            "Additional information": "172.30.60.211",
            "Additional information2": "172.31.44.197",
            "Additional information3": "172.30.87.101",
            "Additional information4": "172.31.86.238",
            "Proposed segment": NaN
        },
        {
            "Hostname": "nleidc553",
            "Remark": "Production",
            "IP Address": "172.31.44.214",
            "Type": "x86 Compute",
            "Additional information": "172.30.60.212",
            "Additional information2": "172.31.44.198",
            "Additional information3": "172.30.87.102",
            "Additional information4": "172.31.86.239",
            "Proposed segment": NaN
        },
        {
            "Hostname": "nleidc440",
            "Remark": "LSF9\u00a0Master",
            "IP Address": "172.30.127.176",
            "Type": "x86 Compute",
            "Additional information": "",
            "Additional information2": "",
            "Additional information3": "",
            "Additional information4": "",
            "Proposed segment": NaN
        },
        {
            "Hostname": "nleidc441",
            "Remark": "LSF9\u00a0Master2",
            "IP Address": "172.30.127.177",
            "Type": "x86 Compute",
            "Additional information": "",
            "Additional information2": "",
            "Additional information3": "",
            "Additional information4": "",
            "Proposed segment": NaN
        },
        {
            "Hostname": "nleidc442",
            "Remark": "Linux\u00a0Buildhost (LSF9)",
            "IP Address": "172.30.127.178",
            "Type": "x86 Compute",
            "Additional information": "",
            "Additional information2": "",
            "Additional information3": "",
            "Additional information4": "",
            "Proposed segment": NaN
        },
        {
            "Hostname": "nleidc443",
            "Remark": "Linux\u00a0Buildhost (LSF9)",
            "IP Address": "172.30.127.179",
            "Type": "x86 Compute",
            "Additional information": "",
            "Additional information2": "",
            "Additional information3": "",
            "Additional information4": "",
            "Proposed segment": NaN
        },
        {
            "Hostname": "nleidc444",
            "Remark": "TICS\u00a0Web",
            "IP Address": "172.30.127.180",
            "Type": "x86 Compute",
            "Additional information": "",
            "Additional information2": "",
            "Additional information3": "",
            "Additional information4": "",
            "Proposed segment": NaN
        },
        {
            "Hostname": "nleidc445",
            "Remark": "TICS\u00a0DB",
            "IP Address": "172.30.127.181",
            "Type": "x86 Compute",
            "Additional information": "",
            "Additional information2": "",
            "Additional information3": "",
            "Additional information4": "",
            "Proposed segment": NaN
        },
        {
            "Hostname": "nleidc446",
            "Remark": "Unassigned",
            "IP Address": "172.30.127.182",
            "Type": "x86 Compute",
            "Additional information": "",
            "Additional information2": "",
            "Additional information3": "",
            "Additional information4": "",
            "Proposed segment": NaN
        },
        {
            "Hostname": "nleidc447",
            "Remark": "CadAppl\u00a0Sync\u00a0target",
            "IP Address": "172.30.127.183",
            "Type": "x86 Compute",
            "Additional information": "",
            "Additional information2": "",
            "Additional information3": "",
            "Additional information4": "",
            "Proposed segment": NaN
        },
        {
            "Hostname": "nleidc448",
            "Remark": "WindRiver\u00a0Build\u00a0Host",
            "IP Address": "172.30.127.184",
            "Type": "x86 Compute",
            "Additional information": "",
            "Additional information2": "",
            "Additional information3": "",
            "Additional information4": "",
            "Proposed segment": NaN
        },
        {
            "Hostname": "nleidc449",
            "Remark": "(VM\u00a0templates)",
            "IP Address": "172.30.127.185",
            "Type": "x86 Compute",
            "Additional information": "",
            "Additional information2": "",
            "Additional information3": "",
            "Additional information4": "",
            "Proposed segment": NaN
        },
        {
            "Hostname": "nleidc460",
            "Remark": "CodeSonar\u00a0PRD",
            "IP Address": "172.30.127.196",
            "Type": "x86 Compute",
            "Additional information": "",
            "Additional information2": "",
            "Additional information3": "",
            "Additional information4": "",
            "Proposed segment": NaN
        },
        {
            "Hostname": "nleidc461",
            "Remark": "CodeSonar\u00a0ACC",
            "IP Address": "172.30.127.197",
            "Type": "x86 Compute",
            "Additional information": "",
            "Additional information2": "",
            "Additional information3": "",
            "Additional information4": "",
            "Proposed segment": NaN
        },
        {
            "Hostname": "nleidc462",
            "Remark": "reserved",
            "IP Address": "172.30.127.198",
            "Type": "x86 Compute",
            "Additional information": "",
            "Additional information2": "",
            "Additional information3": "",
            "Additional information4": "",
            "Proposed segment": NaN
        },
        {
            "Hostname": "nleidc463",
            "Remark": "reserved",
            "IP Address": "172.30.127.199",
            "Type": "x86 Compute",
            "Additional information": "",
            "Additional information2": "",
            "Additional information3": "",
            "Additional information4": "",
            "Proposed segment": NaN
        },
        {
            "Hostname": "nleidc464",
            "Remark": "reserved",
            "IP Address": "172.30.127.200",
            "Type": "x86 Compute",
            "Additional information": "",
            "Additional information2": "",
            "Additional information3": "",
            "Additional information4": "",
            "Proposed segment": NaN
        },
        {
            "Hostname": "nleidc465",
            "Remark": "reserved",
            "IP Address": "172.30.127.201",
            "Type": "x86 Compute",
            "Additional information": "",
            "Additional information2": "",
            "Additional information3": "",
            "Additional information4": "",
            "Proposed segment": NaN
        }
    ]
}