{
  "fvESg": {
    "attributes": {
      "name": "ldom\u00a0for\u00a0build/patch\u00a0servers",
      "descr": "ESG for Solaris10 endpoints - LDOM\u00a0for\u00a0Build/Patch\u00a0Servers",
      "dn": "uni/tn-all-ESG/ap-ap-ESG-01/esg-esg-ldom\u00a0for\u00a0build/patch\u00a0servers",
      "annotation": "ESG for Solaris10 - LDOM\u00a0for\u00a0Build/Patch\u00a0Servers",
      "floodOnEncap": "disabled",
      "matchT": "AtleastOne",
      "pcEnfPref": "unenforced",
      "prefGrMemb": "exclude",
      "prio": "unspecified",
      "shutdown": "no",
      "userdom": ":all:"
    },
    "children": [
      {
        "fvTagSelector": {
          "attributes": {
            "annotation": "LDOM\u00a0for\u00a0Build/Patch\u00a0Servers",
            "descr": "ESG IP Selector for Solaris 10 endpoints for ESG: ldom\u00a0for\u00a0build/patch\u00a0servers",
            "dn": "uni/tn-all-ESG/ap-ap-ESG-01/esg-esg-ldom\u00a0for\u00a0build/patch\u00a0servers/selector-ldom\u00a0for\u00a0build/patch\u00a0servers",
            "ip": "172.30.127.135/32, 172.30.127.136/32, 172.30.127.145/32, 172.30.127.146/32",
            "name": "ldom\u00a0for\u00a0build/patch\u00a0servers",
            "valueOperator": "equals",
            "userdom": ":all:"
          }
        }
      },
      {
        "fvRsScope": {
          "attributes": {
            "tnFvCtxName": "PROD",
            "userdom": ":all:"
          }
        }
      },
      {
        "fvRsProv": {
          "attributes": {
            "tnVzBrCPName": "vzany",
            "annotation": "ESG provides contract vzany",
            "userdom": ":all:"
          }
        }
      }
    ]
  }
}