{
  "fvESg": {
    "attributes": {
      "name": "(to-decomm)-lsf6-master-backup",
      "descr": "ESG for Solaris10 endpoints - (TO\u00a0DECOMM)\u00a0LSF6\u00a0Master\u00a0backup",
      "dn": "uni/tn-all-ESG/ap-ap-ESG-01/esg-esg-(to-decomm)-lsf6-master-backup",
      "annotation": "ESG for Solaris10 - (TO\u00a0DECOMM)\u00a0LSF6\u00a0Master\u00a0backup",
      "floodOnEncap": "disabled",
      "matchT": "AtleastOne",
      "pcEnfPref": "unenforced",
      "prefGrMemb": "exclude",
      "prio": "unspecified",
      "shutdown": "no",
      "userdom": ":all:"
    },
    "children": [
      {
        "fvTagSelector": {
          "attributes": {
            "annotation": "(TO\u00a0DECOMM)\u00a0LSF6\u00a0Master\u00a0backup",
            "descr": "ESG IP Selector for Solaris 10 endpoints for ESG: (to-decomm)-lsf6-master-backup",
            "dn": "uni/tn-all-ESG/ap-ap-ESG-01/esg-esg-(to-decomm)-lsf6-master-backup/selector-(to-decomm)-lsf6-master-backup",
            "ip": "172.30.127.138/32",
            "name": "(to-decomm)-lsf6-master-backup",
            "valueOperator": "equals",
            "userdom": ":all:"
          }
        }
      },
      {
        "fvRsScope": {
          "attributes": {
            "tnFvCtxName": "PROD",
            "userdom": ":all:"
          }
        }
      },
      {
        "fvRsProv": {
          "attributes": {
            "tnVzBrCPName": "vzany",
            "annotation": "ESG provides contract vzany",
            "userdom": ":all:"
          }
        }
      }
    ]
  }
}