{
  "fvESg": {
    "attributes": {
      "name": "ldom-for-workstations-pas2030-project",
      "descr": "ESG for Solaris10 endpoints - LDOM\u00a0for\u00a0Workstations\u00a0PAS2030\u00a0project\u00a0",
      "dn": "uni/tn-all-ESG/ap-ap-ESG-01/esg-esg-ldom-for-workstations-pas2030-project",
      "annotation": "ESG for Solaris10 - LDOM\u00a0for\u00a0Workstations\u00a0PAS2030\u00a0project\u00a0",
      "floodOnEncap": "disabled",
      "matchT": "AtleastOne",
      "pcEnfPref": "unenforced",
      "prefGrMemb": "exclude",
      "prio": "unspecified",
      "shutdown": "no",
      "userdom": ":all:"
    },
    "children": [
      {
        "fvTagSelector": {
          "attributes": {
            "annotation": "LDOM\u00a0for\u00a0Workstations\u00a0PAS2030\u00a0project\u00a0",
            "descr": "ESG IP Selector for Solaris 10 endpoints for ESG: ldom-for-workstations-pas2030-project",
            "dn": "uni/tn-all-ESG/ap-ap-ESG-01/esg-esg-ldom-for-workstations-pas2030-project/selector-ldom-for-workstations-pas2030-project",
            "ip": "172.30.127.186/32, 172.30.127.187/32",
            "name": "ldom-for-workstations-pas2030-project",
            "valueOperator": "equals",
            "userdom": ":all:"
          }
        }
      },
      {
        "fvRsScope": {
          "attributes": {
            "tnFvCtxName": "PROD",
            "userdom": ":all:"
          }
        }
      },
      {
        "fvRsProv": {
          "attributes": {
            "tnVzBrCPName": "vzany",
            "annotation": "ESG provides contract vzany",
            "userdom": ":all:"
          }
        }
      }
    ]
  }
}