{
  "fvESg": {
    "attributes": {
      "name": "cron\u00a0server\u00a0sol-10",
      "descr": "ESG for Solaris10 endpoints - Cron\u00a0Server\u00a0Sol 10",
      "dn": "uni/tn-all-ESG/ap-ap-ESG-01/esg-esg-cron\u00a0server\u00a0sol-10",
      "annotation": "ESG for Solaris10 - Cron\u00a0Server\u00a0Sol 10",
      "floodOnEncap": "disabled",
      "matchT": "AtleastOne",
      "pcEnfPref": "unenforced",
      "prefGrMemb": "exclude",
      "prio": "unspecified",
      "shutdown": "no",
      "userdom": ":all:"
    },
    "children": [
      {
        "fvTagSelector": {
          "attributes": {
            "annotation": "Cron\u00a0Server\u00a0Sol 10",
            "descr": "ESG IP Selector for Solaris 10 endpoints for ESG: cron\u00a0server\u00a0sol-10",
            "dn": "uni/tn-all-ESG/ap-ap-ESG-01/esg-esg-cron\u00a0server\u00a0sol-10/selector-cron\u00a0server\u00a0sol-10",
            "ip": "172.30.127.142/32",
            "name": "cron\u00a0server\u00a0sol-10",
            "valueOperator": "equals",
            "userdom": ":all:"
          }
        }
      },
      {
        "fvRsScope": {
          "attributes": {
            "tnFvCtxName": "PROD",
            "userdom": ":all:"
          }
        }
      },
      {
        "fvRsProv": {
          "attributes": {
            "tnVzBrCPName": "vzany",
            "annotation": "ESG provides contract vzany",
            "userdom": ":all:"
          }
        }
      }
    ]
  }
}