{
  "fvESg": {
    "attributes": {
      "name": "ldom-for-ccexec-(patchgen-tooling)-(to-decomm)",
      "descr": "ESG for Solaris10 endpoints - LDOM\u00a0for\u00a0CCexec (patchgen\u00a0tooling?) (TO\u00a0DECOMM)",
      "dn": "uni/tn-all-ESG/ap-ap-ESG-01/esg-esg-ldom-for-ccexec-(patchgen-tooling)-(to-decomm)",
      "annotation": "ESG for Solaris10 - LDOM\u00a0for\u00a0CCexec (patchgen\u00a0tooling?) (TO\u00a0DECOMM)",
      "floodOnEncap": "disabled",
      "matchT": "AtleastOne",
      "pcEnfPref": "unenforced",
      "prefGrMemb": "exclude",
      "prio": "unspecified",
      "shutdown": "no",
      "userdom": ":all:"
    },
    "children": [
      {
        "fvTagSelector": {
          "attributes": {
            "annotation": "LDOM\u00a0for\u00a0CCexec (patchgen\u00a0tooling?) (TO\u00a0DECOMM)",
            "descr": "ESG IP Selector for Solaris 10 endpoints for ESG: ldom-for-ccexec-(patchgen-tooling)-(to-decomm)",
            "dn": "uni/tn-all-ESG/ap-ap-ESG-01/esg-esg-ldom-for-ccexec-(patchgen-tooling)-(to-decomm)/selector-ldom-for-ccexec-(patchgen-tooling)-(to-decomm)",
            "ip": "172.30.127.143/32, 172.30.127.144/32",
            "name": "ldom-for-ccexec-(patchgen-tooling)-(to-decomm)",
            "valueOperator": "equals",
            "userdom": ":all:"
          }
        }
      },
      {
        "fvRsScope": {
          "attributes": {
            "tnFvCtxName": "PROD",
            "userdom": ":all:"
          }
        }
      },
      {
        "fvRsProv": {
          "attributes": {
            "tnVzBrCPName": "vzany",
            "annotation": "ESG provides contract vzany",
            "userdom": ":all:"
          }
        }
      }
    ]
  }
}