{
  "fvESg": {
    "attributes": {
      "name": "vcenter-appliance",
      "descr": "ESG for endpoints - Primary; Primary (Heartbeat); Peer (Heartbeat); Witness (Heartbeat)",
      "dn": "uni/tn-all-ESG/ap-ap-ESG-01/esg-esg-vcenter-appliance",
      "annotation": "ESG - Primary; Primary (Heartbeat); Peer (Heartbeat); Witness (Heartbeat)",
      "floodOnEncap": "disabled",
      "matchT": "AtleastOne",
      "pcEnfPref": "unenforced",
      "prefGrMemb": "exclude",
      "prio": "unspecified",
      "shutdown": "no",
      "userdom": ":all:"
    },
    "children": [
      {
        "fvTagSelector": {
          "attributes": {
            "annotation": "Primary; Primary (Heartbeat); Peer (Heartbeat); Witness (Heartbeat)",
            "descr": "ESG IP Selector for endpoints for ESG: vcenter-appliance",
            "dn": "uni/tn-all-ESG/ap-ap-ESG-01/esg-esg-vcenter-appliance/selector-vcenter-appliance",
            "ip": "172.31.44.216/32",
            "name": "vcenter-appliance",
            "valueOperator": "equals",
            "userdom": ":all:"
          }
        }
      },
      {
        "fvRsScope": {
          "attributes": {
            "tnFvCtxName": "PROD",
            "userdom": ":all:"
          }
        }
      },
      {
        "fvRsProv": {
          "attributes": {
            "tnVzBrCPName": "vzany",
            "annotation": "ESG provides contract vzany",
            "userdom": ":all:"
          }
        }
      }
    ]
  }
}