{
  "fvESg": {
    "attributes": {
      "name": "oracle-sparc(sol-11)",
      "descr": "ESG for endpoints - Hypervisor",
      "dn": "uni/tn-all-ESG/ap-ap-ESG-01/esg-esg-oracle-sparc(sol-11)",
      "annotation": "ESG - Hypervisor",
      "floodOnEncap": "disabled",
      "matchT": "AtleastOne",
      "pcEnfPref": "unenforced",
      "prefGrMemb": "exclude",
      "prio": "unspecified",
      "shutdown": "no",
      "userdom": ":all:"
    },
    "children": [
      {
        "fvTagSelector": {
          "attributes": {
            "annotation": "Hypervisor",
            "descr": "ESG IP Selector for endpoints for ESG: oracle-sparc(sol-11)",
            "dn": "uni/tn-all-ESG/ap-ap-ESG-01/esg-esg-oracle-sparc(sol-11)/selector-oracle-sparc(sol-11)",
            "ip": "172.30.127.132/32, 172.30.127.133/32, 172.30.127.134/32",
            "name": "oracle-sparc(sol-11)",
            "valueOperator": "equals",
            "userdom": ":all:"
          }
        }
      },
      {
        "fvRsScope": {
          "attributes": {
            "tnFvCtxName": "PROD",
            "userdom": ":all:"
          }
        }
      },
      {
        "fvRsProv": {
          "attributes": {
            "tnVzBrCPName": "vzany",
            "annotation": "ESG provides contract vzany",
            "userdom": ":all:"
          }
        }
      }
    ]
  }
}