{
  "fvESg": {
    "attributes": {
      "name": "sheet1",
      "descr": "ESG for endpoints - No Description Provided",
      "dn": "uni/tn-all-ESG/ap-ap-ESG-01/esg-esg-sheet1",
      "annotation": "ESG - No Description Provided",
      "floodOnEncap": "disabled",
      "matchT": "AtleastOne",
      "pcEnfPref": "unenforced",
      "prefGrMemb": "exclude",
      "prio": "unspecified",
      "shutdown": "no",
      "userdom": ":all:"
    },
    "children": [
      {
        "fvTagSelector": {
          "attributes": {
            "annotation": "No Description Provided",
            "descr": "ESG IP Selector for endpoints for ESG: sheet1",
            "dn": "uni/tn-all-ESG/ap-ap-ESG-01/esg-esg-sheet1/selector-sheet1",
            "ip": "Hosting VLAN IP/32",
            "name": "sheet1",
            "valueOperator": "equals",
            "userdom": ":all:"
          }
        }
      },
      {
        "fvRsScope": {
          "attributes": {
            "tnFvCtxName": "PROD",
            "userdom": ":all:"
          }
        }
      },
      {
        "fvRsProv": {
          "attributes": {
            "tnVzBrCPName": "vzany",
            "annotation": "ESG provides contract vzany",
            "userdom": ":all:"
          }
        }
      }
    ]
  }
}