{
  "fvESg": {
    "attributes": {
      "name": "storage-hosting-svm",
      "descr": "ESG for endpoints - Virtual",
      "dn": "uni/tn-all-ESG/ap-ap-ESG-01/esg-esg-storage-hosting-svm",
      "annotation": "ESG - Virtual",
      "floodOnEncap": "disabled",
      "matchT": "AtleastOne",
      "pcEnfPref": "unenforced",
      "prefGrMemb": "exclude",
      "prio": "unspecified",
      "shutdown": "no",
      "userdom": ":all:"
    },
    "children": [
      {
        "fvTagSelector": {
          "attributes": {
            "annotation": "Virtual",
            "descr": "ESG IP Selector for endpoints for ESG: storage-hosting-svm",
            "dn": "uni/tn-all-ESG/ap-ap-ESG-01/esg-esg-storage-hosting-svm/selector-storage-hosting-svm",
            "ip": "172.30.127.163/32, 172.30.127.164/32, 172.30.127.165/32",
            "name": "storage-hosting-svm",
            "valueOperator": "equals",
            "userdom": ":all:"
          }
        }
      },
      {
        "fvRsScope": {
          "attributes": {
            "tnFvCtxName": "PROD",
            "userdom": ":all:"
          }
        }
      },
      {
        "fvRsProv": {
          "attributes": {
            "tnVzBrCPName": "vzany",
            "annotation": "ESG provides contract vzany",
            "userdom": ":all:"
          }
        }
      }
    ]
  }
}