{
  "fvESg": {
    "attributes": {
      "name": "storage-cluster-management",
      "descr": "ESG for endpoints - Physical",
      "dn": "uni/tn-all-ESG/ap-ap-ESG-01/esg-esg-storage-cluster-management",
      "annotation": "ESG - Physical",
      "floodOnEncap": "disabled",
      "matchT": "AtleastOne",
      "pcEnfPref": "unenforced",
      "prefGrMemb": "exclude",
      "prio": "unspecified",
      "shutdown": "no",
      "userdom": ":all:"
    },
    "children": [
      {
        "fvTagSelector": {
          "attributes": {
            "annotation": "Physical",
            "descr": "ESG IP Selector for endpoints for ESG: storage-cluster-management",
            "dn": "uni/tn-all-ESG/ap-ap-ESG-01/esg-esg-storage-cluster-management/selector-storage-cluster-management",
            "ip": "",
            "name": "storage-cluster-management",
            "valueOperator": "equals",
            "userdom": ":all:"
          }
        }
      },
      {
        "fvRsScope": {
          "attributes": {
            "tnFvCtxName": "PROD",
            "userdom": ":all:"
          }
        }
      },
      {
        "fvRsProv": {
          "attributes": {
            "tnVzBrCPName": "vzany",
            "annotation": "ESG provides contract vzany",
            "userdom": ":all:"
          }
        }
      }
    ]
  }
}