{
  "fvESg": {
    "attributes": {
      "name": "original-data",
      "descr": "ESG for endpoints - Cron\u00a0Server\u00a0Sol 8",
      "dn": "uni/tn-all-ESG/ap-ap-ESG-01/esg-esg-original-data",
      "annotation": "ESG - Cron\u00a0Server\u00a0Sol 8",
      "floodOnEncap": "disabled",
      "matchT": "AtleastOne",
      "pcEnfPref": "unenforced",
      "prefGrMemb": "exclude",
      "prio": "unspecified",
      "shutdown": "no",
      "userdom": ":all:"
    },
    "children": [
      {
        "fvTagSelector": {
          "attributes": {
            "annotation": "Cron\u00a0Server\u00a0Sol 8",
            "descr": "ESG IP Selector for endpoints for ESG: original-data",
            "dn": "uni/tn-all-ESG/ap-ap-ESG-01/esg-esg-original-data/selector-original-data",
            "ip": "172.30.127.153/32",
            "name": "original-data",
            "valueOperator": "equals",
            "userdom": ":all:"
          }
        }
      },
      {
        "fvRsScope": {
          "attributes": {
            "tnFvCtxName": "PROD",
            "userdom": ":all:"
          }
        }
      },
      {
        "fvRsProv": {
          "attributes": {
            "tnVzBrCPName": "vzany",
            "annotation": "ESG provides contract vzany",
            "userdom": ":all:"
          }
        }
      }
    ]
  }
}