{
    "fvESg": {
        "attributes": {
            "name": "esg-solaris-build",
            "descr": "ESG for Solaris10 endpoints - LDOM for Build/Patch Servers",
            "dn": "uni/tn-all-ESG/ap-ap-ESG-01/esg-esg-solaris-build",
            "annotation": "",
            "floodOnEncap": "disabled",
            "matchT": "AtleastOne",
            "pcEnfPref": "unenforced",
            "prefGrMemb": "exclude",
            "prio": "unspecified",
            "shutdown": "no",
            "userdom": ":all:"
        },
        "children": [
            {
                "fvTagSelector": {
                    "attributes": {
                        "annotation": "",
                        "descr": "ESG IP Selector for Solaris 10 endpoints for ESG: esg-solaris-build",
                        "dn": "uni/tn-all-ESG/ap-ap-ESG-01/esg-esg-solaris-build/selector-esg-solaris-build",
                        "ip": "172.30.127.135/32,172.30.127.136/32,172.30.127.137/32",
                        "name": "esg-solaris-build",
                        "valueOperator": "equals",
                        "userdom": ":all:"
                    }
                }
            },
            {
                "fvRsScope": {
                    "attributes": {
                        "tnFvCtxName": "PROD",
                        "userdom": ":all:"
                    }
                }
            },
            {
                "fvRsProv": {
                    "attributes": {
                        "tnVzBrCPName": "vzany",
                        "annotation": "",
                        "userdom": ":all:"
                    }
                }
            }
        ]
    }
}